{
  "ETH": [
    0.7261370001360774,
    0.7255744002759457,
    0.73083829972893,
    0.7174222003668547,
    0.7443459006026387,
    0.749329499900341,
    0.7160945003852248,
    0.7366391997784376,
    0.724061300046742,
    0.7567034000530839,
    0.7452628007158637,
    0.7377624996006489,
    0.7371877999976277
  ],
  "BNB": [
    0.29135849978774786,
    0.27696510031819344,
    0.29241729993373156,
    0.25695389974862337,
    0.2612283006310463,
    0.28225519973784685,
    0.26401299983263016,
    0.28003499936312437,
    0.27675019949674606,
    0.3188200993463397,
    0.29682219959795475,
    0.2930399999022484,
    0.25905480049550533
  ],
  "ARB": [
    0.7681817002594471,
    0.7962301000952721,
    0.7099698996171355,
    0.7075942996889353,
    0.7031075991690159,
    0.7271530004218221,
    0.7436677999794483,
    0.7060046996921301,
    0.7155409995466471,
    0.7202084995806217,
    0.7784318998456001,
    0.7116203000769019,
    0.7235183995217085
  ],
  "BAS": [
    0.7995108999311924,
    0.7677375003695488,
    0.7548862993717194,
    0.7177315996959805,
    0.7195578003302217,
    0.7436699001118541,
    0.7090144995599985,
    0.7297376003116369,
    0.7583749005571008,
    0.7197698997333646,
    0.7380619002506137,
    0.720342599786818
  ]
}